{
  "/cgi-bin/nav.pl?page=menu&in=home" : {
    "transaction" : "/cgi-bin/nav.pl?page=menu&in=home",
    "sampleCount" : 1037,
    "errorCount" : 0,
    "errorPct" : 0.0,
    "meanResTime" : 38.71263259402124,
    "medianResTime" : 31.0,
    "minResTime" : 27.0,
    "maxResTime" : 94.0,
    "pct1ResTime" : 64.0,
    "pct2ResTime" : 71.0,
    "pct3ResTime" : 76.0,
    "throughput" : 0.3373621597424466,
    "receivedKBytesPerSec" : 0.5762172044819718,
    "sentKBytesPerSec" : 0.317974497580069
  },
  "/Webtours/header.html" : {
    "transaction" : "/Webtours/header.html",
    "sampleCount" : 1039,
    "errorCount" : 0,
    "errorPct" : 0.0,
    "meanResTime" : 0.514918190567854,
    "medianResTime" : 1.0,
    "minResTime" : 0.0,
    "maxResTime" : 6.0,
    "pct1ResTime" : 1.0,
    "pct2ResTime" : 1.0,
    "pct3ResTime" : 1.0,
    "throughput" : 0.33721492924166235,
    "receivedKBytesPerSec" : 0.33161663451792384,
    "sentKBytesPerSec" : 0.2703647040111375
  },
  "Find_Flights" : {
    "transaction" : "Find_Flights",
    "sampleCount" : 290,
    "errorCount" : 0,
    "errorPct" : 0.0,
    "meanResTime" : 3543.820689655172,
    "medianResTime" : 3534.0,
    "minResTime" : 3038.0,
    "maxResTime" : 4281.0,
    "pct1ResTime" : 3948.6000000000004,
    "pct2ResTime" : 3987.9,
    "pct3ResTime" : 4032.3599999999997,
    "throughput" : 0.09659718109439942,
    "receivedKBytesPerSec" : 0.2582640918216163,
    "sentKBytesPerSec" : 0.12855173418171195
  },
  "/cgi-bin/welcome.pl?signOff=1" : {
    "transaction" : "/cgi-bin/welcome.pl?signOff=1",
    "sampleCount" : 1034,
    "errorCount" : 0,
    "errorPct" : 0.0,
    "meanResTime" : 29.443907156673134,
    "medianResTime" : 29.0,
    "minResTime" : 26.0,
    "maxResTime" : 41.0,
    "pct1ResTime" : 32.0,
    "pct2ResTime" : 34.0,
    "pct3ResTime" : 36.0,
    "throughput" : 0.3367669009595903,
    "receivedKBytesPerSec" : 0.3370957748863086,
    "sentKBytesPerSec" : 0.3298083866764722
  },
  "Flights" : {
    "transaction" : "Flights",
    "sampleCount" : 290,
    "errorCount" : 0,
    "errorPct" : 0.0,
    "meanResTime" : 3678.9413793103445,
    "medianResTime" : 3674.0,
    "minResTime" : 3190.0,
    "maxResTime" : 4185.0,
    "pct1ResTime" : 4068.0,
    "pct2ResTime" : 4117.8,
    "pct3ResTime" : 4180.0,
    "throughput" : 0.09657948758254216,
    "receivedKBytesPerSec" : 0.6707747223506249,
    "sentKBytesPerSec" : 0.27948307150995033
  },
  "/cgi-bin/reservations.pl?page=welcome" : {
    "transaction" : "/cgi-bin/reservations.pl?page=welcome",
    "sampleCount" : 290,
    "errorCount" : 0,
    "errorPct" : 0.0,
    "meanResTime" : 81.5275862068965,
    "medianResTime" : 81.0,
    "minResTime" : 75.0,
    "maxResTime" : 91.0,
    "pct1ResTime" : 85.90000000000003,
    "pct2ResTime" : 88.0,
    "pct3ResTime" : 90.0,
    "throughput" : 0.09670370418536967,
    "receivedKBytesPerSec" : 0.4268561942557333,
    "sentKBytesPerSec" : 0.09280865769506387
  },
  "/cgi-bin/nav.pl?page=menu&in=flights" : {
    "transaction" : "/cgi-bin/nav.pl?page=menu&in=flights",
    "sampleCount" : 290,
    "errorCount" : 0,
    "errorPct" : 0.0,
    "meanResTime" : 69.69999999999997,
    "medianResTime" : 70.0,
    "minResTime" : 29.0,
    "maxResTime" : 86.0,
    "pct1ResTime" : 75.0,
    "pct2ResTime" : 76.0,
    "pct3ResTime" : 80.26999999999992,
    "throughput" : 0.0967041878915686,
    "receivedKBytesPerSec" : 0.16517150842026707,
    "sentKBytesPerSec" : 0.09271468423498318
  },
  "Logout" : {
    "transaction" : "Logout",
    "sampleCount" : 1034,
    "errorCount" : 0,
    "errorPct" : 0.0,
    "meanResTime" : 3645.3230174081204,
    "medianResTime" : 3645.0,
    "minResTime" : 3151.0,
    "maxResTime" : 4162.0,
    "pct1ResTime" : 4043.5,
    "pct2ResTime" : 4097.0,
    "pct3ResTime" : 4141.0,
    "throughput" : 0.33640610267999194,
    "receivedKBytesPerSec" : 0.9764973675775116,
    "sentKBytesPerSec" : 0.6924713945008989
  },
  "Itinerary" : {
    "transaction" : "Itinerary",
    "sampleCount" : 112,
    "errorCount" : 0,
    "errorPct" : 0.0,
    "meanResTime" : 3702.0446428571427,
    "medianResTime" : 3715.0,
    "minResTime" : 3188.0,
    "maxResTime" : 4175.0,
    "pct1ResTime" : 4112.6,
    "pct2ResTime" : 4131.7,
    "pct3ResTime" : 4174.87,
    "throughput" : 0.04026311948583996,
    "receivedKBytesPerSec" : 0.4948949925710949,
    "sentKBytesPerSec" : 0.11801663491452355
  },
  "UC_03" : {
    "transaction" : "UC_03",
    "sampleCount" : 744,
    "errorCount" : 0,
    "errorPct" : 0.0,
    "meanResTime" : 7514.224462365588,
    "medianResTime" : 7512.0,
    "minResTime" : 6570.0,
    "maxResTime" : 8501.0,
    "pct1ResTime" : 8087.0,
    "pct2ResTime" : 8168.5,
    "pct3ResTime" : 8374.2,
    "throughput" : 0.2419426433339436,
    "receivedKBytesPerSec" : 3.049135755736626,
    "sentKBytesPerSec" : 2.1748965468581765
  },
  "/cgi-bin/welcome.pl?page=search" : {
    "transaction" : "/cgi-bin/welcome.pl?page=search",
    "sampleCount" : 290,
    "errorCount" : 0,
    "errorPct" : 0.0,
    "meanResTime" : 28.099999999999998,
    "medianResTime" : 28.0,
    "minResTime" : 25.0,
    "maxResTime" : 37.0,
    "pct1ResTime" : 31.0,
    "pct2ResTime" : 32.0,
    "pct3ResTime" : 36.0,
    "throughput" : 0.09670573578392337,
    "receivedKBytesPerSec" : 0.07961224147055411,
    "sentKBytesPerSec" : 0.09432163458620615
  },
  "/cgi-bin/welcome.pl?signOff=true" : {
    "transaction" : "/cgi-bin/welcome.pl?signOff=true",
    "sampleCount" : 1039,
    "errorCount" : 0,
    "errorPct" : 0.0,
    "meanResTime" : 29.43310875842155,
    "medianResTime" : 29.0,
    "minResTime" : 27.0,
    "maxResTime" : 46.0,
    "pct1ResTime" : 32.0,
    "pct2ResTime" : 33.0,
    "pct3ResTime" : 38.0,
    "throughput" : 0.33721164590764946,
    "receivedKBytesPerSec" : 0.33754095415560614,
    "sentKBytesPerSec" : 0.2647638313571779
  },
  "/WebTours/home.html" : {
    "transaction" : "/WebTours/home.html",
    "sampleCount" : 2073,
    "errorCount" : 0,
    "errorPct" : 0.0,
    "meanResTime" : 33.81862035697049,
    "medianResTime" : 34.0,
    "minResTime" : 0.0,
    "maxResTime" : 48.0,
    "pct1ResTime" : 44.0,
    "pct2ResTime" : 46.0,
    "pct3ResTime" : 47.0,
    "throughput" : 0.6727970278793717,
    "receivedKBytesPerSec" : 0.6095698556545296,
    "sentKBytesPerSec" : 0.37722967212991054
  },
  "UC_02" : {
    "transaction" : "UC_02",
    "sampleCount" : 234,
    "errorCount" : 0,
    "errorPct" : 0.0,
    "meanResTime" : 14759.692307692309,
    "medianResTime" : 14779.0,
    "minResTime" : 13365.0,
    "maxResTime" : 16239.0,
    "pct1ResTime" : 15480.0,
    "pct2ResTime" : 15741.25,
    "pct3ResTime" : 16179.4,
    "throughput" : 0.07765281426741041,
    "receivedKBytesPerSec" : 1.7253649946713245,
    "sentKBytesPerSec" : 1.0258820314374433
  },
  "UC_01" : {
    "transaction" : "UC_01",
    "sampleCount" : 56,
    "errorCount" : 0,
    "errorPct" : 0.0,
    "meanResTime" : 29190.76785714285,
    "medianResTime" : 29260.5,
    "minResTime" : 27652.0,
    "maxResTime" : 30614.0,
    "pct1ResTime" : 30212.7,
    "pct2ResTime" : 30385.75,
    "pct3ResTime" : 30614.0,
    "throughput" : 0.019971526309632837,
    "receivedKBytesPerSec" : 1.0531183922332874,
    "sentKBytesPerSec" : 0.435726434847175
  },
  "/Webtours/" : {
    "transaction" : "/Webtours/",
    "sampleCount" : 1039,
    "errorCount" : 0,
    "errorPct" : 0.0,
    "meanResTime" : 1.092396535129933,
    "medianResTime" : 1.0,
    "minResTime" : 0.0,
    "maxResTime" : 9.0,
    "pct1ResTime" : 2.0,
    "pct2ResTime" : 2.0,
    "pct3ResTime" : 2.0,
    "throughput" : 0.3372144914600998,
    "receivedKBytesPerSec" : 0.21866252180615847,
    "sentKBytesPerSec" : 0.26279019939956993
  },
  "Buy" : {
    "transaction" : "Buy",
    "sampleCount" : 56,
    "errorCount" : 0,
    "errorPct" : 0.0,
    "meanResTime" : 3592.4821428571427,
    "medianResTime" : 3608.5,
    "minResTime" : 3051.0,
    "maxResTime" : 4004.0,
    "pct1ResTime" : 3908.2,
    "pct2ResTime" : 3951.1,